id,subject,topic,quizSetId,quizSetTitle,quizSetSubtitle,question,optionA,optionB,optionC,optionD,correctAnswer,explanation,exam,year,difficulty
851,Rajasthan GK,Rajasthan Geography,2,05 Feb 2023 - Shift 1,150 PYQ Questions,"राजस्थान में 'मरुस्थलीकरण का मुख्य कारण' निम्नलिखित में से कौन सा है?",अनियंत्रित पशुचारण,अत्यधिक सिंचाई,उद्योगों का विकास,नदियों का प्रवाह,A,"राजस्थान में मरुस्थलीकरण का सबसे प्रमुख कारण अनियंत्रित पशुचारण एवं वनोन्मूलन (Deforestation) है।",Rajasthan CET Senior Secondary,2023,Medium
852,Rajasthan GK,Rajasthan History,2,05 Feb 2023 - Shift 1,150 PYQ Questions,"'रणथंभौर के चौहान वंश' का संस्थापक कौन था?",गोविंदराज,पृथ्वीराज तृतीय,हम्मीरदेव,हरिराज,A,"1194 ई. में पृथ्वीराज चौहान के पुत्र गोविंदराज ने रणथंभौर में चौहान वंश की स्थापना की थी।",Rajasthan CET Senior Secondary,2023,Easy
853,Rajasthan GK,Rajasthan Art & Culture,2,05 Feb 2023 - Shift 1,150 PYQ Questions,"'कामड़ जाति' की महिलाओं द्वारा कौन सा नृत्य किया जाता है?",तेरहताली नृत्य,घूमर नृत्य,चरी नृत्य,मांदल नृत्य,A,"रामदेवजी के मेले में कामड़ जाति की महिलाओं द्वारा मंजीरों के साथ 'तेरहताली नृत्य' किया जाता है।",Rajasthan CET Senior Secondary,2023,Easy
854,Science,Chemistry,2,05 Feb 2023 - Shift 2,150 PYQ Questions,"प्लास्टर ऑफ पेरिस (POP) का रासायनिक सूत्र क्या है?",CaSO₄·½H₂O,CaSO₄·2H₂O,CaCO₃,CaCl₂,A,"जिप्सम को 120°C पर गर्म करने पर प्लास्टर ऑफ पेरिस (CaSO₄·½H₂O) प्राप्त होता है।",Rajasthan CET Senior Secondary,2023,Easy
855,Mathematics,Profit & Loss,2,05 Feb 2023 - Shift 1,150 PYQ Questions,"एक घड़ी को ₹720 में बेचने पर 10% की हानि होती है। घड़ी का क्रय मूल्य क्या है?",₹800,₹750,₹850,₹900,A,"क्रय मूल्य = विक्रय मूल्य × (100 / 100 - हानि%) = 720 × (100 / 90) = ₹800।",Rajasthan CET Senior Secondary,2023,Easy
856,Hindi,Grammar,2,05 Feb 2023 - Shift 1,150 PYQ Questions,"'अत्यधिक' शब्द का सही संधि विच्छेद क्या है?",अति + अधिक,अत्य + अधिक,अति + धिक,अत्या + अधिक,A,"अति + अधिक = अत्यधिक (इ + अ = य, यण स्वर संधि)।",Rajasthan CET Senior Secondary,2023,Easy
857,English,Grammar,2,05 Feb 2023 - Shift 1,150 PYQ Questions,"Choose the correct passive form: 'They are building a bridge.'",A bridge is being built by them.,A bridge was built by them.,A bridge has been built by them.,A bridge is built by them.,A,"Present continuous 'are building' changes to 'is/are + being + V3 (built)' in passive voice.",Rajasthan CET Senior Secondary,2023,Easy
858,Computer,Basic Computer,2,05 Feb 2023 - Shift 1,150 PYQ Questions,"MS-Word में नया डॉक्यूमेंट खोलने की शॉर्टकट कुंजी क्या है?",Ctrl + N,Ctrl + O,Ctrl + S,Ctrl + M,A,"Ctrl + N दबाने से नया ब्लैंक डॉक्यूमेंट (New Document) खुलता है।",Rajasthan CET Senior Secondary,2023,Easy
859,Rajasthan GK,Rajasthan Geography,2,05 Feb 2023 - Shift 1,150 PYQ Questions,"राजस्थान की किस नदी को 'मृत नदी' (Dead River) के नाम से जाना जाता है?",घग्घर नदी,कांतली नदी,बाणगंगा नदी,लूणी नदी,A,"प्राचीन सरस्वती नदी के पेटे में बहने वाली घग्घर नदी को 'मृत नदी' कहा जाता है।",Rajasthan CET Senior Secondary,2023,Easy
860,Rajasthan GK,Rajasthan History,2,05 Feb 2023 - Shift 1,150 PYQ Questions,"'प्रतापगढ़' राज्य की स्थापना किसने की थी?",महारावल क्षेमकरण / महारावत प्रताप सिंह,राव बीका,राव जोधा,सवाई जयसिंह,A,"1699 ई. में महारावत प्रताप सिंह ने काठल क्षेत्र में प्रतापगढ़ की स्थापना की थी।",Rajasthan CET Senior Secondary,2023,Medium
861,Rajasthan GK,Rajasthan Polity,2,05 Feb 2023 - Shift 1,150 PYQ Questions,"राजस्थान के प्रथम राज्यपाल कौन थे?",गुरुमुख निहाल सिंह,डॉ. सम्पूर्णानंद,सरदार हुकम सिंह,मदनलाल खुराना,A,"1 नवंबर 1956 को राजस्थान के प्रथम राज्यपाल सरदार गुरुमुख निहाल सिंह बने थे।",Rajasthan CET Senior Secondary,2023,Easy
862,Rajasthan GK,Rajasthan Geography,2,05 Feb 2023 - Shift 1,150 PYQ Questions,"राजस्थान में 'जसवंत थड़ा' कहाँ स्थित है?",जोधपुर,जयपुर,बीकानेर,जैसलमेर,A,"जोधपुर में मेहरानगढ़ दुर्ग के पास स्थित सफेद संगमरमर की इमारत जसवंत थड़ा को 'राजस्थान का ताजमहल' कहा जाता है।",Rajasthan CET Senior Secondary,2023,Easy
863,Science,Physics,2,05 Feb 2023 - Shift 1,150 PYQ Questions,"दूर दृष्टि दोष (Hypermetropia) के निवारण के लिए किस लेंस का उपयोग किया जाता है?",उत्तल लेंस (Convex Lens),अवतल लेंस (Concave Lens),बेलनाकार लेंस,द्विफोकसी लेंस,A,"दूर दृष्टि दोष में पास की वस्तु स्पष्ट नहीं दिखती, इसके निवारण हेतु उत्तल लेंस का उपयोग होता है।",Rajasthan CET Senior Secondary,2023,Easy
864,Rajasthan GK,Rajasthan Economy,2,05 Feb 2023 - Shift 1,150 PYQ Questions,"राजस्थान में 'मुख्यमंत्री किसान मित्र ऊर्जा योजना' के तहत प्रतिमाह कितनी अनुदान राशि दी जाती है?",₹1000,₹500,₹1500,₹2000,A,"इस योजना के तहत कृषि उपभोक्ताओं को बिजली बिल पर प्रति माह ₹1000 (अधिकतम ₹12000 प्रति वर्ष) का अनुदान मिलता है।",Rajasthan CET Senior Secondary,2023,Medium
865,Mathematics,Simple Interest,2,05 Feb 2023 - Shift 1,150 PYQ Questions,"₹8000 का 10% वार्षिक दर से 2 वर्ष का चक्रवृद्घि ब्याज कितना होगा?",₹1680,₹1600,₹1800,₹2000,A,"A = 8000 × (1.10)² = ₹9680। CI = 9680 - 8000 = ₹1680।",Rajasthan CET Senior Secondary,2023,Medium
866,Hindi,Vocabulary,2,05 Feb 2023 - Shift 1,150 PYQ Questions,"'अंधेरे का दीपक' होना मुहावरे का सही अर्थ क्या है?",आशा की किरण होना,दीपक जलाना,अंधेरा दूर करना,रोशनी करना,A,"'अंधेरे का दीपक होना' का अर्थ कठिन परिस्थिति में आशा की एकमात्र किरण होना है।",Rajasthan CET Senior Secondary,2023,Easy
867,English,Vocabulary,2,05 Feb 2023 - Shift 1,150 PYQ Questions,"Choose the antonym of the word 'GENEROUS'.",Stingy,Kind,Charitable,Noble,A,"'Generous' means willing to give or share; its antonym is 'Stingy' (miserly).",Rajasthan CET Senior Secondary,2023,Easy
868,Computer,Hardware,2,05 Feb 2023 - Shift 1,150 PYQ Questions,"निम्नलिखित में से कौन-सा एक आउटपुट डिवाइस नहीं है?",कीबोर्ड (Keyboard),मॉनिटर (Monitor),प्रिंटर (Printer),प्लॉटर (Plotter),A,"कीबोर्ड एक इनपुट डिवाइस है, जबकि मॉनिटर, प्रिंटर और प्लॉटर आउटपुट डिवाइस हैं।",Rajasthan CET Senior Secondary,2023,Easy
869,Rajasthan GK,Rajasthan Art & Culture,2,05 Feb 2023 - Shift 1,150 PYQ Questions,"'शीतला माता' का प्रसिद्ध मेला राजस्थान में कहाँ लगता है?",चाकसू (जयपुर),आमेर,सांगानेर,बगरू,A,"जयपुर जिले के चाकसू में सील की डूंगरी पर शीतला माता का मेला चैत्र कृष्ण अष्टमी (शीतलाष्टमी) को लगता है।",Rajasthan CET Senior Secondary,2023,Easy
870,Rajasthan GK,Rajasthan Geography,2,05 Feb 2023 - Shift 1,150 PYQ Questions,"राजस्थान की सबसे बड़ी कृत्रिम झील कौन सी है?",जयसमंद झील,राजसमंद झील,सांभर झील,पिचोला झील,A,"उदयपुर में स्थित जयसमंद झील (डेबर झील) राजस्थान की सबसे बड़ी मीठे पानी की कृत्रिम झील है।",Rajasthan CET Senior Secondary,2023,Easy
871,Science,Biology,2,05 Feb 2023 - Shift 1,150 PYQ Questions,"मानव शरीर की सबसे बड़ी ग्रंथि कौन सी है?",यकृत (Liver),अग्न्याशय,थायरॉयड,पीयूष ग्रंथि,A,"मानव शरीर की सबसे बड़ी ग्रंथि यकृत (Liver) है जिसका वजन लगभग 1.5 किग्रा होता है।",Rajasthan CET Senior Secondary,2023,Easy
872,Rajasthan GK,Rajasthan History,2,05 Feb 2023 - Shift 1,150 PYQ Questions,"'गिरी सुमेल का युद्ध' (1544 ई.) किनके मध्य लड़ा गया था?",शेरशाह सूरी और राव मालदेव,बाबर और सांगा,अकबर और प्रताप,हुमायूं और मालदेव,A,"जैतारण (पाली) में 1544 ई. में शेरशाह सूरी और मारवाड़ के राव मालदेव के सेनापति जैता व कूंपा के बीच युद्ध हुआ था।",Rajasthan CET Senior Secondary,2023,Easy
873,Mathematics,Geometry,2,05 Feb 2023 - Shift 1,150 PYQ Questions,"एक वर्ग की भुजा 8 सेमी है। इसका क्षेत्रफल क्या होगा?",64 वर्ग सेमी,32 वर्ग सेमी,16 वर्ग सेमी,24 वर्ग सेमी,A,"वर्ग का क्षेत्रफल = (भुजा)² = 8² = 64 वर्ग सेमी।",Rajasthan CET Senior Secondary,2023,Easy
874,Hindi,Grammar,2,05 Feb 2023 - Shift 1,150 PYQ Questions,"'चौराहा' शब्द में कौन सा समास है?",द्विगु समास,अव्ययीभाव समास,तत्पुरुष समास,द्वंद्व समास,A,"जिस समास का प्रथम पद संख्यावाचक हो (चार राहों का समूह), उसे द्विगु समास कहते हैं।",Rajasthan CET Senior Secondary,2023,Easy
875,English,Grammar,2,05 Feb 2023 - Shift 1,150 PYQ Questions,"Fill in the blank with suitable article: 'Copper is _____ useful metal.'",a,an,the,no article,A,"'Useful' begins with a consonant sound ('yu'), hence 'a' is used before it.",Rajasthan CET Senior Secondary,2023,Easy
876,Computer,Software,2,05 Feb 2023 - Shift 1,150 PYQ Questions,"MS-Excel में फॉर्मूला हमेशा किस चिह्न से शुरू होता है?",= (बराबर),+,@,#,A,"MS-Excel में प्रत्येक सूत्र/फॉर्मूला '=' (इक्वल) चिह्न से आरंभ होता है।",Rajasthan CET Senior Secondary,2023,Easy
877,Rajasthan GK,Rajasthan Polity,2,05 Feb 2023 - Shift 1,150 PYQ Questions,"राजस्थान में उच्च न्यायालय की मुख्य पीठ (Main Bench) कहाँ स्थित है?",जोधपुर,जयपुर,अजमेर,उदयपुर,A,"राजस्थान उच्च न्यायालय की मुख्य पीठ जोधपुर में है तथा जयपुर में इसकी खण्डपीठ (Bench) स्थित है।",Rajasthan CET Senior Secondary,2023,Easy
878,Rajasthan GK,Rajasthan Art & Culture,2,05 Feb 2023 - Shift 1,150 PYQ Questions,"'बस्सी की काष्ठ कला' राजस्थान के किस जिले से संबंधित है?",चित्तौड़गढ़,जयपुर,उदयपुर,कोटा,A,"चित्तौड़गढ़ जिले का बस्सी गांव काष्ठ कला (काष्ठ की कावड़, बेवाण व गणगौर) हेतु प्रसिद्ध है।",Rajasthan CET Senior Secondary,2023,Medium
879,Science,Chemistry,2,05 Feb 2023 - Shift 1,150 PYQ Questions,"धातुओं को पीटकर पतली चादर बनाने के गुण को क्या कहते हैं?",आघातवर्धनीयता (Malleability),तन्यता,चालकता,कठोरता,A,"धातुओं को हथौड़े से पीटकर पतली शीट बनाने की क्षमता को आघातवर्धनीयता कहते हैं। सोना व चाँदी सर्वाधिक आघातवर्धनीय हैं।",Rajasthan CET Senior Secondary,2023,Easy
880,Reasoning,Series,2,05 Feb 2023 - Shift 1,150 PYQ Questions,"दी गई श्रेणी में अगला अंक क्या होगा? 1, 4, 9, 16, 25, ?",36,30,49,40,A,"यह प्राकृतिक संख्याओं के वर्ग की श्रेणी है (1², 2², 3², 4², 5², 6²)। 6² = 36।",Rajasthan CET Senior Secondary,2023,Easy
881,Rajasthan GK,Rajasthan Geography,2,05 Feb 2023 - Shift 1,150 PYQ Questions,"राजस्थान में 'अरावली पर्वतमाला' की कुल लंबाई कितनी है?",692 किमी,550 किमी,500 किमी,700 किमी,A,"पालनपुर (गुजरात) से दिल्ली तक अरावली की कुल लंबाई 692 किमी है, जिसमें से 550 किमी (80%) राजस्थान में है।",Rajasthan CET Senior Secondary,2023,Medium
882,Rajasthan GK,Rajasthan History,2,05 Feb 2023 - Shift 1,150 PYQ Questions,"'मत्स्य संघ' का उद्घाटन 18 मार्च 1948 को कहाँ किया गया था?",भरतपुर दुर्ग (लोहागढ़),अलवर,धौलपुर,कोटा,A,"राजस्थान के एकीकरण के प्रथम चरण 'मत्स्य संघ' का उद्घाटन एन. वी. गाडगिल द्वारा भरतपुर के लोहागढ़ दुर्ग में हुआ था।",Rajasthan CET Senior Secondary,2023,Medium
883,Science,Physics,2,05 Feb 2023 - Shift 1,150 PYQ Questions,"विभवांतर (Potential Difference) की SI इकाई क्या है?",वोल्ट (Volt),एम्पीयर,ओम,वाट,A,"विभवांतर की SI इकाई वोल्ट (Volt) है तथा इसे वोल्टमीटर द्वारा मापा जाता है।",Rajasthan CET Senior Secondary,2023,Easy
884,Mathematics,Percentage,2,05 Feb 2023 - Shift 1,150 PYQ Questions,"300 का 25% कितना होगा?",75,60,50,80,A,"300 × (25 / 100) = 75।",Rajasthan CET Senior Secondary,2023,Easy
885,Hindi,Vocabulary,2,05 Feb 2023 - Shift 1,150 PYQ Questions,"'आकाश' का सही पर्यायवाची शब्द कौन सा है?",गगन,पावक,अवनि,समीर,A,"गगन, नभ, व्योम आकाश के पर्यायवाची हैं; पावक (अग्नि), अवनि (पृथ्वी), समीर (वायु) हैं।",Rajasthan CET Senior Secondary,2023,Easy
886,English,Vocabulary,2,05 Feb 2023 - Shift 1,150 PYQ Questions,"Choose the correct one-word substitute: 'One who cannot read and write.'",Illiterate,Literate,Scholar,Blind,A,"A person who is unable to read or write is called an 'Illiterate'.",Rajasthan CET Senior Secondary,2023,Easy
887,Computer,Networking,2,05 Feb 2023 - Shift 1,150 PYQ Questions,"URL का पूर्ण रूप क्या है?",Uniform Resource Locator,Universal Resource Locator,Unique Resource Locator,Uniform Resource Link,A,"URL का फुल फॉर्म Uniform Resource Locator होता है।",Rajasthan CET Senior Secondary,2023,Easy
888,Rajasthan GK,Rajasthan Geography,2,05 Feb 2023 - Shift 1,150 PYQ Questions,"राजस्थान में 'बनास नदी' का उद्गम स्थल कहाँ है?",खमनोर की पहाड़ियाँ (राजसमंद),नाग पहाड़,बैराठ की पहाड़ियाँ,खंडेला की पहाड़ियाँ,A,"बनास नदी (वर्णाशा/वन की आशा) राजसमंद जिले में कुंभलगढ़ के पास खमनोर की पहाड़ियों से निकलती है।",Rajasthan CET Senior Secondary,2023,Easy
889,Rajasthan GK,Rajasthan History,2,05 Feb 2023 - Shift 1,150 PYQ Questions,"'आहाड़' सभ्यता स्थल राजस्थान के किस जिले में स्थित है?",उदयपुर,भीलवाड़ा,हनुमानगढ़,राजसमंद,A,"आहाड़ (ताम्रवती नगरी) बेड़च/आहाड़ नदी के किनारे उदयपुर जिले में स्थित एक प्रसिद्ध ताम्रपाषाणिक स्थल है।",Rajasthan CET Senior Secondary,2023,Easy
890,Science,Biology,2,05 Feb 2023 - Shift 1,150 PYQ Questions,"विटामिन 'A' की कमी से कौन सा रोग होता है?",रतौंधी (Night Blindness),स्कर्वी,रिकेट्स,बेरी-बेरी,A,"विटामिन A (रेटिनॉल) की कमी से आँखों में रतौंधी (Night Blindness) रोग हो जाता है।",Rajasthan CET Senior Secondary,2023,Easy
891,Mathematics,Average,2,05 Feb 2023 - Shift 1,150 PYQ Questions,"संख्याओं 4, 8, 12, 16 का औसत क्या होगा?",10,12,8,14,A,"औसत = (4 + 8 + 12 + 16) / 4 = 40 / 4 = 10।",Rajasthan CET Senior Secondary,2023,Easy
892,Hindi,Grammar,2,05 Feb 2023 - Shift 1,150 PYQ Questions,"'महेश' का सही संधि विच्छेद क्या है?",महा + ईश,मह + ईश,महे + श,महा + इश,A,"महा + ईश = महेश (आ + ई = ए, गुण स्वर संधि)।",Rajasthan CET Senior Secondary,2023,Easy
893,English,Grammar,2,05 Feb 2023 - Shift 1,150 PYQ Questions,"Choose the correct spelling.",Commitment,Comitment,Commitment,Committment,A,"The correct spelling is 'Commitment'.",Rajasthan CET Senior Secondary,2023,Easy
894,Computer,Basic Computer,2,05 Feb 2023 - Shift 1,150 PYQ Questions,"1 किलोबाइट (KB) में कितने बाइट्स होते हैं?",1024 बाइट्स,1000 बाइट्स,512 बाइट्स,2048 बाइट्स,A,"1 KB = 1024 बाइट्स होते हैं।",Rajasthan CET Senior Secondary,2023,Easy
895,Rajasthan GK,Rajasthan Art & Culture,2,05 Feb 2023 - Shift 1,150 PYQ Questions,"'मांड गायकी' की प्रसिद्ध गायिका जिन्हें 'राजस्थान की मरु कोकिला' कहा जाता है?",अल्लाह जिलाई बाई,गवरी देवी,बन्नो बेगम,मांगी बाई,A,"बीकानेर की प्रसिद्ध मांड गायिका अल्लाह जिलाई बाई को 'मरु कोकिला' कहा जाता है। इन्होंने 'केसरिया बालम' प्रसिद्ध किया।",Rajasthan CET Senior Secondary,2023,Easy
896,Rajasthan GK,Rajasthan Geography,2,05 Feb 2023 - Shift 1,150 PYQ Questions,"राजस्थान में केवलादेव राष्ट्रीय उद्यान कहाँ स्थित है?",भरतपुर,सवाई माधोपुर,कोटा,अलवर,A,"केवलादेव घना पक्षी अभ्यारण्य/राष्ट्रीय उद्यान भरतपुर जिले में स्थित है जो साइबेरियन क्रेन हेतु प्रसिद्ध है।",Rajasthan CET Senior Secondary,2023,Easy
897,Science,Chemistry,2,05 Feb 2023 - Shift 1,150 PYQ Questions,"अम्लीय विलयन का pH मान कितना होता है?",7 से कम,7 से अधिक,ठीक 7,14,A,"उदासीन विलयन का pH = 7, अम्लीय का pH < 7 तथा क्षारीय का pH > 7 होता है।",Rajasthan CET Senior Secondary,2023,Easy
898,Reasoning,Coding-Decoding,2,05 Feb 2023 - Shift 1,150 PYQ Questions,"यदि RAM का कोड 32 है (R=18, A=1, M=13), तो SUN का कोड क्या होगा?",54,48,50,52,A,"S(19) + U(21) + N(14) = 54।",Rajasthan CET Senior Secondary,2023,Easy
899,Rajasthan GK,Rajasthan History,2,05 Feb 2023 - Shift 1,150 PYQ Questions,"1857 की क्रांति के समय उदयपुर (मेवाड़) के शासक कौन थे?",महाराणा स्वरूप सिंह,महाराणा शंभू सिंह,महाराणा सज्जन सिंह,महाराणा फतेह सिंह,A,"1857 की क्रांति के समय मेवाड़ के महाराणा स्वरूप सिंह थे जिन्होंने अंग्रेजों की सहायता की थी।",Rajasthan CET Senior Secondary,2023,Medium
900,Rajasthan GK,Rajasthan Economy,2,05 Feb 2023 - Shift 1,150 PYQ Questions,"राजस्थान में 'मुख्यमंत्री युवा संबल योजना' किससे संबंधित है?",बेरोजगारी भत्ता,सिलाई मशीन वितरण,स्कॉलरशिप,कौशल विकास,A,"मुख्यमंत्री युवा संबल योजना के तहत बेरोजगार स्नातकों को प्रतिमाह बेरोजगारी भत्ता (पुरुष ₹4000, महिला/दिव्यांग ₹4500) दिया जाता है।",Rajasthan CET Senior Secondary,2023,Easy
901,Science,Physics,2,05 Feb 2023 - Shift 1,150 PYQ Questions,"प्रतिरोध (Resistance) का मात्रक क्या है?",ओम (Ohm),एम्पीयर,वोल्ट,वाट,A,"प्रतिरोध का मात्रक ओम (Ohm - Ω) होता है। ओम का नियम: V = IR।",Rajasthan CET Senior Secondary,2023,Easy
902,Mathematics,Profit & Loss,2,05 Feb 2023 - Shift 1,150 PYQ Questions,"₹500 की वस्तु ₹600 में बेची गई। लाभ प्रतिशत ज्ञात कीजिए।",20%,10%,15%,25%,A,"लाभ = 100। लाभ % = (100 / 500) × 100 = 20%।",Rajasthan CET Senior Secondary,2023,Easy
903,Hindi,Grammar,2,05 Feb 2023 - Shift 1,150 PYQ Questions,"'लंबोदर' शब्द में कौन सा समास है?",बहुव्रीहि समास,द्विगु समास,कर्मधारय समास,तत्पुरुष समास,A,"लंबोदर (लंबे पेट वाले अर्थात् गणेशजी) में अन्य पद प्रधान होने के कारण बहुव्रीहि समास है।",Rajasthan CET Senior Secondary,2023,Easy
904,English,Grammar,2,05 Feb 2023 - Shift 1,150 PYQ Questions,"Fill in the blank with correct preposition: 'The cat jumped _____ the table.'",upon,on,in,into,A,"'Upon' or 'onto' indicates motion resulting in a position on a surface.",Rajasthan CET Senior Secondary,2023,Easy
905,Computer,Software,2,05 Feb 2023 - Shift 1,150 PYQ Questions,"MS-Word में बनी फाइल का डिफ़ॉल्ट फाइल एक्सटेंशन क्या होता है?",.docx,.xlsx,.pptx,.pdf,A,"MS-Word 2007 तथा उत्तरवर्ती संस्करणों में फ़ाइल एक्सटेंशन .docx होता है।",Rajasthan CET Senior Secondary,2023,Easy
906,Rajasthan GK,Rajasthan Art & Culture,2,05 Feb 2023 - Shift 1,150 PYQ Questions,"'सोनारगढ़ दुर्ग' राजस्थान के किस जिले में स्थित है?",जैसलमेर,जोधपुर,बाड़मेर,बीकानेर,A,"पीले पत्थरों से निर्मित जैसलमेर दुर्ग को 'सोनारगढ़' या 'स्वर्णगिरि' कहा जाता है।",Rajasthan CET Senior Secondary,2023,Easy
907,Rajasthan GK,Rajasthan Geography,2,05 Feb 2023 - Shift 1,150 PYQ Questions,"राजस्थान में 'माही बजाज सागर बांध' कहाँ स्थित है?",बांसवाड़ा (बोरखेड़ा),डूंगरपुर,उदयपुर,प्रतापगढ़,A,"माही बजाज सागर बांध माही नदी पर बांसवाड़ा जिले के बोरखेड़ा गांव में स्थित है।",Rajasthan CET Senior Secondary,2023,Easy
908,Science,Biology,2,05 Feb 2023 - Shift 1,150 PYQ Questions,"रेबीज रोग किसके काटने से होता है?",समान्यतः संक्रमित कुत्ते/जानवर के काटने से,मच्छर के काटने से,मक्खी से,दूषित पानी से,A,"रेबीज (Rhabdovirus) न्यूरोट्रॉपिक वायरस है जो संक्रमित कुत्ते/बिल्ली के काटने से फैलता है।",Rajasthan CET Senior Secondary,2023,Easy
909,Mathematics,Algebra,2,05 Feb 2023 - Shift 1,150 PYQ Questions,"यदि (a + b) = 5 और ab = 6 है, तो (a² + b²) का मान क्या होगा?",13,19,25,12,A,"a² + b² = (a + b)² - 2ab = 5² - 2(6) = 25 - 12 = 13।",Rajasthan CET Senior Secondary,2023,Medium
910,Hindi,Vocabulary,2,05 Feb 2023 - Shift 1,150 PYQ Questions,"'उत्थान' का सही विलोम शब्द क्या है?",पतन,अवनति,गिरावट,विनाश,A,"'उत्थान' का सही विलोम शब्द 'पतन' होता है।",Rajasthan CET Senior Secondary,2023,Easy
911,English,Vocabulary,2,05 Feb 2023 - Shift 1,150 PYQ Questions,"Select the synonym of 'IMPORTANT'.",Significant,Trivial,Minor,Useless,A,"'Important' means having great significance or value.",Rajasthan CET Senior Secondary,2023,Easy
912,Computer,Hardware,2,05 Feb 2023 - Shift 1,150 PYQ Questions,"ROM का पूर्ण रूप क्या है?",Read Only Memory,Random Only Memory,Real Operating Memory,Run Only Memory,A,"ROM का फुल फॉर्म Read Only Memory है जो एक नॉन-वोलेटाइल (स्थाई) मेमोरी है।",Rajasthan CET Senior Secondary,2023,Easy
913,Rajasthan GK,Rajasthan History,2,05 Feb 2023 - Shift 1,150 PYQ Questions,"'अकबर का किला' (मैगजीन दुर्ग) राजस्थान में कहाँ स्थित है?",अजमेर,जयपुर,कोटा,चित्तौड़गढ़,A,"सलीमगढ़/मैगजीन दुर्ग अजमेर में स्थित है जिसे अकबर ने 1570 ई. में बनवाया था।",Rajasthan CET Senior Secondary,2023,Easy
914,Rajasthan GK,Rajasthan Geography,2,05 Feb 2023 - Shift 1,150 PYQ Questions,"राजस्थान का सर्वाधिक वर्षा वाला स्थान कौन सा है?",माउंट आबू (सिरोही),झालावाड़,उदयपुर,बांसवाड़ा,A,"राजस्थान में सर्वाधिक वर्षा वाला स्थान माउंट आबू है (स्थान) तथा सर्वाधिक वर्षा वाला जिला झालावाड़ है।",Rajasthan CET Senior Secondary,2023,Easy
915,Science,Chemistry,2,05 Feb 2023 - Shift 1,150 PYQ Questions,"वाहनों में उत्प्रेरक परिवर्तक (Catalytic Converter) का मुख्य कार्य क्या है?",विषैली गैसों को कम हानिकारक गैसों में बदलना,माइलेज बढ़ाना,ध्वनि कम करना,इंजन ठंडा करना,A,"कैैटेलिटिक कनवर्टर CO तथा अनजले हाइड्रोकार्बन को CO₂ तथा N₂ में बदलता है।",Rajasthan CET Senior Secondary,2023,Medium
916,Reasoning,Analogy,2,05 Feb 2023 - Shift 1,150 PYQ Questions,"'कलम' : 'लिखना' :: 'चाकू' : ?",काटना,सीजना,छीलना,पकाना,A,"कलम का उपयोग लिखने हेतु होता है, उसी प्रकार चाकू का उपयोग काटने (Cutting) हेतु होता है।",Rajasthan CET Senior Secondary,2023,Easy
917,Rajasthan GK,Rajasthan History,2,05 Feb 2023 - Shift 1,150 PYQ Questions,"'कुंभलगढ़ दुर्ग' के वास्तुकार कौन थे?",मंडन,लालचंद,जैता,अत्रि,A,"मेवाड़ के महाराणा कुंभा द्वारा निर्मित कुंभलगढ़ दुर्ग के मुख्य शिल्पी/वास्तुकार मंडन थे।",Rajasthan CET Senior Secondary,2023,Easy
918,Rajasthan GK,Rajasthan Economy,2,05 Feb 2023 - Shift 1,150 PYQ Questions,"राजस्थान में 'जन सूचना पोर्टल' की शुरुआत किस वर्ष की गई थी?",2019,2018,2020,2021,A,"13 सितंबर 2019 को पारदर्शी सुशासन हेतु जन सूचना पोर्टल (Jan Soochna Portal) लॉन्च किया गया था।",Rajasthan CET Senior Secondary,2023,Medium
919,Science,Physics,2,05 Feb 2023 - Shift 1,150 PYQ Questions,"सौर ऊर्जा को विद्युत ऊर्जा में बदलने वाली युक्ति कौन सी है?",सौर सेल (Solar Cell),डायनेमो,ट्रांसफॉर्मर,बैटरी,A,"सोलर सेल (फोटोवोल्टाइक सेल) सूर्य के प्रकाश/सौर ऊर्जा को सीधे विद्युत ऊर्जा में परिवर्तित करता है।",Rajasthan CET Senior Secondary,2023,Easy
920,Mathematics,Ratio & Proportion,2,05 Feb 2023 - Shift 1,150 PYQ Questions,"यदि x : 4 = 15 : 20 है, तो x का मान क्या होगा?",3,5,4,6,A,"x/4 = 15/20 => x = (15 × 4) / 20 = 60 / 20 = 3।",Rajasthan CET Senior Secondary,2023,Easy
921,Hindi,Grammar,2,05 Feb 2023 - Shift 1,150 PYQ Questions,"'सज्जन' शब्द का सही संधि विच्छेद क्या है?",सत + जन,सत् + जन,सज + जन,सद् + जन,A,"सत् + जन = सज्जन (व्यंजन संधि का नियम: त् के बाद ज आये तो त् का ज् हो जाता है)।",Rajasthan CET Senior Secondary,2023,Easy
922,English,Grammar,2,05 Feb 2023 - Shift 1,150 PYQ Questions,"Convert to reported speech: She said, 'I have completed my work.'",She said that she had completed her work.,She said that I have completed my work.,She said she has completed work.,She told that she completed her work.,A,"Present perfect 'have completed' changes to past perfect 'had completed' in indirect speech.",Rajasthan CET Senior Secondary,2023,Easy
923,Computer,Basic Computer,2,05 Feb 2023 - Shift 1,150 PYQ Questions,"कंप्यूटर में डेटा प्रोसेसिंग का कार्य कौन सा घटक करता है?",ALU एवं Control Unit (CPU),RAM,Hard Disk,Monitor,A,"CPU का ALU (Arithmetic Logic Unit) तथा CU (Control Unit) मिलकर डेटा प्रोसेस करते हैं।",Rajasthan CET Senior Secondary,2023,Easy
924,Rajasthan GK,Rajasthan Geography,2,05 Feb 2023 - Shift 1,150 PYQ Questions,"राजस्थान का राज्य पुष्प 'रोहिड़ा' का वैज्ञानिक नाम क्या है?",प्रोसोपिस सिनेरेरिया,टेकोमेला एंडुलेटा,ओरीज़ा सेटाइवा,रोज़ा इंडिका,B,"रोहिड़ा (Tecomella undulata) को 1983 में राजस्थान का राज्य पुष्प घोषित किया गया था।",Rajasthan CET Senior Secondary,2023,Easy
925,Rajasthan GK,Rajasthan History,2,05 Feb 2023 - Shift 1,150 PYQ Questions,"'बिजोलिया शिलालेख' (1170 ई.) किस चौहान शासक के समय का है?",सोमेश्वर चौहान,पृथ्वीराज तृतीय,अर्णोराज,विग्रहराज चतुर्थ,A,"1170 ई. का बिजोलिया शिलालेख चौहान वंश के राजा सोमेश्वर के काल का है जो सांभर चौहानों की वंशावली देता है।",Rajasthan CET Senior Secondary,2023,Medium
926,Science,Biology,2,05 Feb 2023 - Shift 1,150 PYQ Questions,"रक्तचाप (Blood Pressure) नापने वाले यंत्र को क्या कहते हैं?",स्फिग्मोमैनोमीटर (Sphygmomanometer),बैरोमीटर,थर्मामीटर,अमीटर,A,"मानव रक्तचाप स्फिग्मोमैनोमीटर द्वारा मापा जाता है। सामान्य BP 120/80 mmHg होता है।",Rajasthan CET Senior Secondary,2023,Easy
927,Mathematics,Geometry,2,05 Feb 2023 - Shift 1,150 PYQ Questions,"एक गोले का व्यास 14 सेमी है। उसकी त्रिज्या कितनी होगी?",7 सेमी,28 सेमी,14 सेमी,21 सेमी,A,"त्रिज्या = व्यास / 2 = 14 / 2 = 7 सेमी।",Rajasthan CET Senior Secondary,2023,Easy
928,Hindi,Vocabulary,2,05 Feb 2023 - Shift 1,150 PYQ Questions,"'कृपण' शब्द का सही विलोम शब्द क्या होगा?",दानी,उदार,दानी/उदार,कंजूस,C,"'कृपण' का अर्थ कंजूस होता है; इसका विलोम 'दानी' या 'उदार' होता है।",Rajasthan CET Senior Secondary,2023,Easy
929,English,Vocabulary,2,05 Feb 2023 - Shift 1,150 PYQ Questions,"Choose the correct meaning of the idiom: 'Piece of cake'.",Very easy task,A sweet dish,Difficult problem,Part of a birthday celebration,A,"'Piece of cake' refers to something that is very easy to perform or achieve.",Rajasthan CET Senior Secondary,2023,Easy
930,Computer,Software,2,05 Feb 2023 - Shift 1,150 PYQ Questions,"कंप्यूटर में ऑपरेटिंग सिस्टम किस श्रेणी का सॉफ्टवेयर है?",सिस्टम सॉफ्टवेयर (System Software),एप्लिकेशन सॉफ्टवेयर,यूटिलिटी प्रोग्राम,हार्डवेयर,A,"ऑपरेटिंग सिस्टम (Windows, Linux) कंप्यूटर का प्राथमिक सिस्टम सॉफ्टवेयर है।",Rajasthan CET Senior Secondary,2023,Easy
931,Rajasthan GK,Rajasthan Art & Culture,2,05 Feb 2023 - Shift 1,150 PYQ Questions,"'बणजारा/बंजारा' जाति द्वारा राजस्थान में कौन सा नृत्य किया जाता है?",मछली नृत्य,चरी नृत्य,गवरी नृत्य,गैर नृत्य,A,"बाड़मेर में कुंवारी कन्याओं द्वारा पूर्णिमा की रात को 'मछली नृत्य' किया जाता है।",Rajasthan CET Senior Secondary,2023,Medium
932,Rajasthan GK,Rajasthan Polity,2,05 Feb 2023 - Shift 1,150 PYQ Questions,"राजस्थान में ग्राम पंचायत का प्रशासनिक प्रमुख कौन होता है?",ग्राम विकास अधिकारी (VDO),सरपंच,पटवारी,प्रधान,A,"ग्राम पंचायत का निर्वाचित प्रमुख सरपंच तथा प्रशासनिक प्रमुख ग्राम विकास अधिकारी (VDO) होता है।",Rajasthan CET Senior Secondary,2023,Easy
933,Science,Chemistry,2,05 Feb 2023 - Shift 1,150 PYQ Questions,"अम्ल वर्षा (Acid Rain) के लिए कौन सी गैसें मुख्य रूप से उत्तरदायी हैं?",SO₂ और NO₂ (सल्फर डाइऑक्साइड व नाइट्रोजन डाइऑक्साइड),CO₂ और O₂,CFC,मीथेन,A,"वायुमंडल में SO₂ तथा NO₂ जलवाष्प से क्रिया कर H₂SO₄ तथा HNO₃ बनाती हैं जिससे अम्ल वर्षा होती है।",Rajasthan CET Senior Secondary,2023,Easy
934,Reasoning,Number Series,2,05 Feb 2023 - Shift 1,150 PYQ Questions,"लुप्त पद ज्ञात कीजिए: 100, 90, 80, 70, ?",60,50,65,55,A,"समान अंतर (-10) की श्रेणी है। 70 - 10 = 60।",Rajasthan CET Senior Secondary,2023,Easy
935,Rajasthan GK,Rajasthan Geography,2,05 Feb 2023 - Shift 1,150 PYQ Questions,"राजस्थान में न्यूनतम वर्षा वाला जिला कौन सा है?",जैसलमेर,बाड़मेर,बीकानेर,जोधपुर,A,"जैसलमेर राजस्थान का सबसे शुष्क/न्यूनतम वर्षा (लगभग 10-15 सेमी) वाला जिला है।",Rajasthan CET Senior Secondary,2023,Easy
936,Rajasthan GK,Rajasthan History,2,05 Feb 2023 - Shift 1,150 PYQ Questions,"'आमेर के कछवाहा वंश' की कुलदेवी कौन सी माता हैं?",शीला देवी / जमवाय माता,कैला देवी,करणी माता,जीण माता,A,"कछवाहा राजवंश की कुलदेवी जमवाय माता हैं तथा ईस्ट देवी शीला देवी हैं।",Rajasthan CET Senior Secondary,2023,Medium
937,Science,Physics,2,05 Feb 2023 - Shift 1,150 PYQ Questions,"समतल दर्पण (Plane Mirror) द्वारा बना प्रतिबिंब कैसा होता है?",आभासी तथा सीधा (Virtual & Erect),वास्तविक तथा उल्टा,वास्तविक तथा सीधा,आभासी तथा उल्टा,A,"समतल दर्पण सदैव आभासी, सीधा तथा वस्तु के आकार के बराबर प्रतिबिंब बनाता है।",Rajasthan CET Senior Secondary,2023,Easy
938,Mathematics,Algebra,2,05 Feb 2023 - Shift 1,150 PYQ Questions,"यदि (2x + 3 = 11) है, तो x का मान क्या होगा?",4,3,5,2,A,"2x = 11 - 3 = 8 => x = 8 / 2 = 4।",Rajasthan CET Senior Secondary,2023,Easy
939,Hindi,Grammar,2,05 Feb 2023 - Shift 1,150 PYQ Questions,"'सप्ताह' शब्द से बना विशेषण शब्द क्या होगा?",साप्ताहिक,सप्ताहिक,सप्ताही,सप्ताहवादी,A,"सप्ताह + इक = साप्ताहिक (प्रथम स्वर में वृद्धि 'अ' -> 'आ')।",Rajasthan CET Senior Secondary,2023,Easy
940,English,Grammar,2,05 Feb 2023 - Shift 1,150 PYQ Questions,"Choose the correct sentence.",She has been living here since 2010.,She is living here since 2010.,She lives here since 2010.,She was living here since 2010.,A,"Time expression 'since + year' requires Present Perfect Continuous tense.",Rajasthan CET Senior Secondary,2023,Easy
941,Computer,Hardware,2,05 Feb 2023 - Shift 1,150 PYQ Questions,"प्रिंटर की प्रिंट गुणवत्ता (Print Quality) किसमें मापी जाती है?",DPI (Dots Per Inch),PPM,LPM,CPS,A,"प्रिंटर की रेजोल्यूशन गुणवत्ता DPI (Dots Per Inch) में मापी जाती है।",Rajasthan CET Senior Secondary,2023,Easy
942,Rajasthan GK,Rajasthan Geography,2,05 Feb 2023 - Shift 1,150 PYQ Questions,"राजस्थान में 'जावर की खानें' किस खनिज के निष्कर्षण हेतु प्रसिद्ध हैं?",सीसा-जस्ता (Lead-Zinc) व चाँदी,तांबा,लोहा,जिप्सम,A,"उदयपुर की जावर खानें राणा लाखा के काल से सीसा-जस्ता तथा चाँदी उत्खनन हेतु प्रसिद्ध हैं।",Rajasthan CET Senior Secondary,2023,Easy
943,Rajasthan GK,Rajasthan History,2,05 Feb 2023 - Shift 1,150 PYQ Questions,"'राजस्थान का गांधी' किसे कहा जाता है?",गोकुलभाई भट्ट,भोगोलाल पांड्या,जयनारायण व्यास,माणिक्यलाल वर्मा,A,"सिरोही प्रजामंडल के संस्थापक गोकुलभाई भट्ट को 'राजस्थान का गांधी' कहा जाता है।",Rajasthan CET Senior Secondary,2023,Easy
944,Science,Biology,2,05 Feb 2023 - Shift 1,150 PYQ Questions,"मलेरिया रोग किस परजीवी (Parasite) द्वारा फैलता है?",प्लाज्मोडियम (Plasmodium),अमीबा,जीवाणु,विषाणु,A,"मलेरिया रोग मादा एनाफलीज मच्छर के काटने पर प्लाज्मोडियम प्रोटोजोआ से फैलता है।",Rajasthan CET Senior Secondary,2023,Easy
945,Mathematics,Simple Interest,2,05 Feb 2023 - Shift 1,150 PYQ Questions,"₹1200 का 6% वार्षिक दर से 2 वर्ष का साधारण ब्याज क्या होगा?",₹144,₹120,₹150,₹160,A,"साधारण ब्याज = (1200 × 6 × 2)/100 = ₹144।",Rajasthan CET Senior Secondary,2023,Easy
946,Hindi,Vocabulary,2,05 Feb 2023 - Shift 1,150 PYQ Questions,"'ऊँट के मुँह में जीरा' लोकोक्ति का सही अर्थ क्या है?",आवश्यकता से बहुत कम वस्तु मिलना,ऊँट को जीरा खिलाना,स्वाद बदलना,अनावश्यक वस्तु देना,A,"'ऊँट के मुँह में जीरा' का अर्थ विशाल आवश्यकता की तुलना में नगण्य वस्तु का मिलना है।",Rajasthan CET Senior Secondary,2023,Easy
947,English,Vocabulary,2,05 Feb 2023 - Shift 1,150 PYQ Questions,"Select the synonym of 'HAPPY'.",Cheerful,Miserable,Depressed,Sad,A,"'Happy' and 'Cheerful' are synonyms conveying joy.",Rajasthan CET Senior Secondary,2023,Easy
948,Computer,Basic Computer,2,05 Feb 2023 - Shift 1,150 PYQ Questions,"इंटरनेट पर वेबसाइटों के पते को क्या कहते हैं?",IP Address / URL,Mac Address,Email ID,File Name,A,"इंटरनेट पर प्रत्येक रिसोर्स या वेबसाइट का विशिष्ट पता URL या IP Address कहलाता है।",Rajasthan CET Senior Secondary,2023,Easy
949,Rajasthan GK,Rajasthan Art & Culture,2,05 Feb 2023 - Shift 1,150 PYQ Questions,"'दादू पंथ' की मुख्य पीठ राजस्थान में कहाँ स्थित है?",नरेना / नराणा (जयपुर),सांभर,कतरियासर,शाहपुरा,A,"संत दादू दयाल द्वारा स्थापित दादू पंथ की प्रधान पीठ नरेना/नराणा (जयपुर) में स्थित है।",Rajasthan CET Senior Secondary,2023,Easy
950,Science,Chemistry,2,05 Feb 2023 - Shift 1,150 PYQ Questions,"सिरका (Vinegar) में कौन सा अम्ल उपस्थित होता है?",एसिटिक अम्ल (Acetic Acid),साइट्रिक अम्ल,फॉर्मिक अम्ल,लैक्टिक अम्ल,A,"सिरका (Vinegar) तनु एसिटिक अम्ल (CH₃COOH) का 5-8% जलीय घोल होता है।",Rajasthan CET Senior Secondary,2023,Easy
951,Rajasthan GK,Rajasthan Geography,2,05 Feb 2023 - Shift 1,150 PYQ Questions,"राजस्थान में 'छप्पन की पहाड़ियाँ' किस जिले में स्थित हैं?",बाड़मेर (बालोतरा),जालोर,सिरोही,डूंगरपुर,A,"बाड़मेर-बालोतरा में सिवाना क्षेत्र में स्थित गोलाकार पहाड़ियों को 'छप्पन की पहाड़ियाँ' कहते हैं।",Rajasthan CET Senior Secondary,2023,Medium
952,Rajasthan GK,Rajasthan History,2,05 Feb 2023 - Shift 1,150 PYQ Questions,"'बीकानेर राज्य प्रजामंडल' की स्थापना 1936 में कहाँ की गई थी?",कलकत्ता (कोलकाता),बीकानेर,मुंबई,जयपुर,A,"1936 ई. में मघाराम वैद्य ने बीकानेर प्रजामंडल की स्थापना कलकत्ता (कोलकाता) में की थी।",Rajasthan CET Senior Secondary,2023,Medium
953,Science,Physics,2,05 Feb 2023 - Shift 1,150 PYQ Questions,"ध्वनि तरंगें किस प्रकार की तरंगें होती हैं?",अनुदैर्ध्य यांत्रिक तरंगें (Longitudinal Waves),अनुप्रस्थ तरंगें,विद्युत चुंबकीय तरंगें,गैर-यांत्रिक तरंगें,A,"ध्वनि तरंगें अनुदैर्ध्य यांत्रिक तरंगें (Longitudinal Mechanical Waves) होती हैं जिनके संचरण हेतु माध्यम की आवश्यकता होती है।",Rajasthan CET Senior Secondary,2023,Easy
954,Mathematics,Percentage,2,05 Feb 2023 - Shift 1,150 PYQ Questions,"400 का कितना प्रतिशत 80 होगा?",20%,15%,25%,10%,A,"प्रतिशत = (80 / 400) × 100 = 20%।",Rajasthan CET Senior Secondary,2023,Easy
955,Hindi,Grammar,2,05 Feb 2023 - Shift 1,150 PYQ Questions,"'अंधकार' का विलोम शब्द क्या है?",प्रकाश,उजाला,आलोक,सभी,A,"अंधकार का विलोम प्रकाश/उजाला/आलोक सभी उपयुक्त हैं।",Rajasthan CET Senior Secondary,2023,Easy
956,English,Grammar,2,05 Feb 2023 - Shift 1,150 PYQ Questions,"Fill in the blank: 'He has been waiting for you _____ two hours.'",for,since,from,in,A,"Duration of time ('two hours') is preceded by the preposition 'for'.",Rajasthan CET Senior Secondary,2023,Easy
957,Computer,Internet,2,05 Feb 2023 - Shift 1,150 PYQ Questions,"HTTP का पूर्ण रूप क्या है?",Hypertext Transfer Protocol,Hypertext Transmission Protocol,High Transfer Protocol,Hypertext Total Protocol,A,"HTTP का फुल फॉर्म Hypertext Transfer Protocol होता है।",Rajasthan CET Senior Secondary,2023,Easy
958,Rajasthan GK,Rajasthan Geography,2,05 Feb 2023 - Shift 1,150 PYQ Questions,"राजस्थान में 'इंदिरा गांधी नहर' की मुख्य नहर की लंबाई कितनी है?",445 किमी,204 किमी,649 किमी,500 किमी,A,"राजस्थान फीडर की लंबाई 204 किमी तथा मुख्य नहर की लंबाई 445 किमी (कुल 649 किमी) है।",Rajasthan CET Senior Secondary,2023,Medium
959,Rajasthan GK,Rajasthan History,2,05 Feb 2023 - Shift 1,150 PYQ Questions,"'चेतावणी रा चूंगट्या' प्रसिद्ध डिंगल सोरठे किसने लिखे थे?",केसरी सिंह बारहठ,गोपाल सिंह खरवा,जोरावर सिंह,विजय सिंह पथिक,A,"1903 में मेवाड़ महाराणा फतेह सिंह को दिल्ली दरबार जाने से रोकने हेतु केसरी सिंह बारहठ ने 13 सोरठे लिखे थे।",Rajasthan CET Senior Secondary,2023,Easy
960,Science,Biology,2,05 Feb 2023 - Shift 1,150 PYQ Questions,"तंबाकू में कौन सा हानिकारक एल्कलॉइड पाया जाता है?",निकोटिन (Nicotine),कैफीन,मॉर्फिन,क्विनैन,A,"तंबाकू की पत्तियों में निकोटिन (Nicotine) नामक विषैला एल्कलॉइड पाया जाता है।",Rajasthan CET Senior Secondary,2023,Easy
961,Mathematics,Average,2,05 Feb 2023 - Shift 1,150 PYQ Questions,"यदि 3 संख्याओं का औसत 15 है, तो उनका योग क्या होगा?",45,30,60,15,A,"योग = औसत × कुल संख्या = 15 × 3 = 45।",Rajasthan CET Senior Secondary,2023,Easy
962,Hindi,Vocabulary,2,05 Feb 2023 - Shift 1,150 PYQ Questions,"'आँखों का तारा होना' का अर्थ क्या है?",अत्यधिक प्यारा होना,आँख में तारा दिखना,अंधा होना,सुंदर होना,A,"'आँखों का तारा होना' का मुहावरेदार अर्थ अत्यधिक प्रिय या प्यारा होना है।",Rajasthan CET Senior Secondary,2023,Easy
963,English,Vocabulary,2,05 Feb 2023 - Shift 1,150 PYQ Questions,"Find the synonym of 'ANCIENT'.",Old,New,Fresh,Modern,A,"'Ancient' means belonging to times long past (Old).",Rajasthan CET Senior Secondary,2023,Easy
964,Computer,Software,2,05 Feb 2023 - Shift 1,150 PYQ Questions,"स्प्रेडशीट सॉफ्टवेयर का उदाहरण कौन सा है?",MS-Excel,MS-Word,MS-PowerPoint,Paint,A,"MS-Excel तथा Google Sheets स्प्रेडशीट एप्लिकेशन सॉफ्टवेयर के उदाहरण हैं।",Rajasthan CET Senior Secondary,2023,Easy
965,Rajasthan GK,Rajasthan Art & Culture,2,05 Feb 2023 - Shift 1,150 PYQ Questions,"'अग्नि नृत्य' के दौरान नर्तकों द्वारा कौनसा धार्मिक उद्घोष किया जाता है?",फ़तेह-फ़तेह,जय माता दी,जय बाबो री,हर हर महादेव,A,"जसनाथी संप्रदाय के सिद्ध पुरुष धधकते अंगारों पर नृत्य करते समय 'फ़तेह-फ़तेह' का उद्घोष करते हैं।",Rajasthan CET Senior Secondary,2023,Medium
966,Rajasthan GK,Rajasthan Polity,2,05 Feb 2023 - Shift 1,150 PYQ Questions,"राजस्थान लोक सेवा आयोग (RPSC) का मुख्यालय कहाँ स्थित है?",अजमेर (घूघरा घाटी),जयपुर,जोधपुर,बीकानेर,A,"सत्यनारायण राव समिति की सिफारिश पर 1956 में RPSC का मुख्यालय जयपुर से अजमेर स्थानांतरित किया गया था।",Rajasthan CET Senior Secondary,2023,Easy
967,Science,Chemistry,2,05 Feb 2023 - Shift 1,150 PYQ Questions,"शुष्क बर्फ (Dry Ice) किसे कहते हैं?",ठोस कार्बन डाइऑक्साइड (Solid CO₂),ठोस बर्फ,ठोस जल,ठोस नाइट्रोजन,A,"ठोस कार्बन डाइऑक्साइड (Solid CO₂) को शुष्क बर्फ (Dry Ice) कहा जाता है।",Rajasthan CET Senior Secondary,2023,Easy
968,Reasoning,Coding-Decoding,2,05 Feb 2023 - Shift 1,150 PYQ Questions,"यदि BOOK = 43 है, तो PEN = ?",35,32,30,38,A,"P(16) + E(5) + N(14) = 35।",Rajasthan CET Senior Secondary,2023,Easy
969,Rajasthan GK,Rajasthan Geography,2,05 Feb 2023 - Shift 1,150 PYQ Questions,"राजस्थान में 'पचपदरा झील' किस जिले में स्थित है?",बालोतरा (बाड़मेर),नागौर,जैसलमेर,जोधपुर,A,"बालोतरा (बाड़मेर) स्थित पचपदरा झील का नमक खाने की दृष्टि से सर्वोत्तम (98% NaCl) होता है।",Rajasthan CET Senior Secondary,2023,Easy
970,Rajasthan GK,Rajasthan History,2,05 Feb 2023 - Shift 1,150 PYQ Questions,"'हल्दीघाटी का युद्ध' का आँखों देखा वर्णन किस इतिहासकार ने किया था?",अब्दुल कादिर बदायूँनी,अबुल फ़ज़ल,खफ़ी खां,जियाउद्दीन बरनी,A,"मुग़ल इतिहासकार अब्दुल कादिर बदायूँनी ने अपनी पुस्तक 'मुंतख़ब-उत-तवारीख़' में हल्दीघाटी का सजीव वर्णन किया।",Rajasthan CET Senior Secondary,2023,Medium
971,Science,Physics,2,05 Feb 2023 - Shift 1,150 PYQ Questions,"एक अ Runs/Horsepower में कितने वाट होते हैं? (1 HP = ? W)",746 वाट,700 वाट,1000 वाट,500 वाट,A,"1 अश्व शक्ति (1 Horse Power - HP) में 746 वाट (Watts) होते हैं।",Rajasthan CET Senior Secondary,2023,Easy
972,Mathematics,Geometry,2,05 Feb 2023 - Shift 1,150 PYQ Questions,"एक वृत्त का क्षेत्रफल 154 वर्ग सेमी है। उसकी त्रिज्या क्या होगी?",7 सेमी,14 सेमी,21 सेमी,3.5 सेमी,A,"πr² = 154 => (22/7) r² = 154 => r² = 49 => r = 7 सेमी।",Rajasthan CET Senior Secondary,2023,Easy
973,Hindi,Grammar,2,05 Feb 2023 - Shift 1,150 PYQ Questions,"'दुर्लभ' शब्द का सही अर्थ क्या है?",जो कठिनाई से मिले,जो आसानी से मिले,जो कभी न मिले,जो बहुत महँगा हो,A,"दुर (कठिन) + लभ (प्राप्त होना) = दुर्लभ अर्थात् जो बड़ी कठिनाई से प्राप्त हो।",Rajasthan CET Senior Secondary,2023,Easy
974,English,Grammar,2,05 Feb 2023 - Shift 1,150 PYQ Questions,"Choose the correctly spelt word.",Tomorrow,Tommorrow,Tomorow,Tomoroww,A,"The correct spelling is 'Tomorrow' (one m, two r's).",Rajasthan CET Senior Secondary,2023,Easy
975,Computer,Hardware,2,05 Feb 2023 - Shift 1,150 PYQ Questions,"कंप्यूटर में स्थायी रूप से डेटा संचित करने वाली सेकेंडरी स्टोरेज डिवाइस कौन सी है?",Hard Disk,RAM,Cache,Register,A,"हार्ड डिस्क एक स्थाई नॉन-वोलेटाइल सेकेंडरी स्टोरेज डिवाइस है।",Rajasthan CET Senior Secondary,2023,Easy
976,Rajasthan GK,Rajasthan Geography,2,05 Feb 2023 - Shift 1,150 PYQ Questions,"राजस्थान में 'सोम-कमला-अम्बा सिंचाई परियोजना' किस जिले में स्थित है?",डूंगरपुर,उदयपुर,बांसवाड़ा,प्रतापगढ़,A,"सोम-कमला-अम्बा सिंचाई परियोजना डूंगरपुर जिले में सोम नदी पर स्थित है।",Rajasthan CET Senior Secondary,2023,Easy
977,Rajasthan GK,Rajasthan History,2,05 Feb 2023 - Shift 1,150 PYQ Questions,"'बागौर की सभ्यता' किस नदी के किनारे विकसित हुई थी?",कोठारी नदी (भीलवाड़ा),कांतली नदी,बेड़च नदी,घग्घर नदी,A,"भीलवाड़ा जिले में कोठारी नदी के तट पर महासतियों के टीले पर बागौर मध्यपाषाणकालीन स्थल स्थित है।",Rajasthan CET Senior Secondary,2023,Medium
978,Science,Biology,2,05 Feb 2023 - Shift 1,150 PYQ Questions,"मनुष्य में क्रोमोसोम (गुणसूत्रों) की कुल संख्या कितनी होती है?",46 (23 जोड़े),44,48,22,A,"मानव शरीर की कोशिकाओं में 46 (23 जोड़े) गुणसूत्र पाए जाते हैं।",Rajasthan CET Senior Secondary,2023,Easy
979,Mathematics,Algebra,2,05 Feb 2023 - Shift 1,150 PYQ Questions,"द्विघात समीकरण x² - 5x + 6 = 0 के मूल क्या होंगे?",2 और 3,1 और 6,2 और 4,3 और 5,A,"(x - 2)(x - 3) = 0 => x = 2, 3।",Rajasthan CET Senior Secondary,2023,Easy
980,Hindi,Vocabulary,2,05 Feb 2023 - Shift 1,150 PYQ Questions,"'हाथ कंगन को आरसी क्या' लोकोक्ति का अर्थ क्या है?",प्रत्यक्ष को प्रमाण की आवश्यकता नहीं,हाथ में कंगन पहनना,दर्पण देखना,कठिन कार्य करना,A,"'हाथ कंगन को आरसी क्या' का अर्थ प्रत्यक्ष या स्पष्ट तथ्य के लिए किसी प्रमाण की आवश्यकता नहीं होना है।",Rajasthan CET Senior Secondary,2023,Easy
981,English,Vocabulary,2,05 Feb 2023 - Shift 1,150 PYQ Questions,"Select the synonym of 'ALWAYS'.",Forever,Never,Rarely,Sometimes,A,"'Always' and 'Forever' mean at all times or continuously.",Rajasthan CET Senior Secondary,2023,Easy
982,Computer,Software,2,05 Feb 2023 - Shift 1,150 PYQ Questions,"कंप्यूटर में ऑपरेटिंग सिस्टम का मुख्य कार्य क्या है?",हार्डवेयर एवं सॉफ्टवेयर संसाधनों का प्रबंधन,प्रिंट करना,केवल टाइपिंग करना,गेम खेलना,A,"ऑपरेटिंग सिस्टम कंप्यूटर के हार्डवेयर व सॉफ्टवेयर संसाधनों का प्रबंधन एवं नियंत्रण करता है।",Rajasthan CET Senior Secondary,2023,Easy
983,Rajasthan GK,Rajasthan Art & Culture,2,05 Feb 2023 - Shift 1,150 PYQ Questions,"'शीतला माता का मंदिर' चाकसू में किस पहाड़ी पर बना हुआ है?",शील की डूंगरी,मोती डूंगरी,झालाना डूंगरी,बीजक पहाड़ी,A,"शीतला माता का प्रसिद्ध मंदिर चाकसू (जयपुर) में शील की डूंगरी पर बना है जिसका निर्माण सवाई माधोसिंह ने कराया था।",Rajasthan CET Senior Secondary,2023,Medium
984,Rajasthan GK,Rajasthan Polity,2,05 Feb 2023 - Shift 1,150 PYQ Questions,"राजस्थान में पंचायती राज अधिनियम किस वर्ष लागू हुआ था?",1994 (23 अप्रैल 1994),1992,1993,1995,A,"73वें संविधान संशोधन के तहत राजस्थान पंचायती राज अधिनियम 23 अप्रैल 1994 को लागू हुआ था।",Rajasthan CET Senior Secondary,2023,Medium
985,Science,Chemistry,2,05 Feb 2023 - Shift 1,150 PYQ Questions,"लोहे को जंग से बचाने के लिए उस पर जस्ते (Zinc) की परत चढ़ाना क्या कहलाता है?",गैल्वेनीकरण (Galvanization) / जस्तीकरण,विद्युत अपघटन,ऑक्सीकरण,अपचयन,A,"लोहे पर जिंक की सुरक्षात्मक परत चढ़ाने की प्रक्रिया गैल्वेनाइजेशन या जस्तीकरण (Yashad Lepan) कहलाती है।",Rajasthan CET Senior Secondary,2023,Easy
986,Reasoning,Analogy,2,05 Feb 2023 - Shift 1,150 PYQ Questions,"'किताब' : 'पढ़ना' :: 'गाना' : ?",सुनना,लिखना,देखना,सोना,A,"किताब को पढ़ा जाता है, उसी प्रकार गाने को सुना जाता है (Listening)।",Rajasthan CET Senior Secondary,2023,Easy
987,Rajasthan GK,Rajasthan Geography,2,05 Feb 2023 - Shift 1,150 PYQ Questions,"राजस्थान में 'छप्पन का मैदान' किस जिले में स्थित है?",बांसवाड़ा एवं प्रतापगढ़,जयपुर,कोटा,जैसलमेर,A,"बांसवाड़ा और प्रतापगढ़ के मध्य माही नदी के 56 गांवों/नालों के समूह को 'छप्पन का मैदान' कहा जाता है।",Rajasthan CET Senior Secondary,2023,Easy
988,Rajasthan GK,Rajasthan History,2,05 Feb 2023 - Shift 1,150 PYQ Questions,"'खानवा के युद्ध' में राणा सांगा के मूर्छित होने पर युद्ध का नेतृत्व किसने संभाला था?",झाला अज्जा,हकीम खां,झाला बिदा,राव मालदेव,A,"खानवा युद्ध में सांगा के घायल होने पर सादड़ी के झाला अज्जा ने राजचिह्न धारण कर नेतृत्व संभाला था।",Rajasthan CET Senior Secondary,2023,Medium
989,Science,Physics,2,05 Feb 2023 - Shift 1,150 PYQ Questions,"मानव कान के लिए श्रव्य ध्वनि (Audible Range) की आवृत्ति सीमा क्या होती है?",20 Hz से 20000 Hz,20 Hz से कम,20000 Hz से अधिक,100 Hz से 500 Hz,A,"मानव कान 20 Hz से 20,000 Hz (20 kHz) की आवृत्ति वाली ध्वनि तरंगों को सुन सकता है।",Rajasthan CET Senior Secondary,2023,Easy
990,Mathematics,Simple Interest,2,05 Feb 2023 - Shift 1,150 PYQ Questions,"₹4000 का 5% दर से 2 वर्ष का साधारण ब्याज कितना होगा?",₹400,₹200,₹500,₹300,A,"साधारण ब्याज = (4000 × 5 × 2) / 100 = ₹400।",Rajasthan CET Senior Secondary,2023,Easy
991,Hindi,Grammar,2,05 Feb 2023 - Shift 1,150 PYQ Questions,"'परोपकार' शब्द का संधि विच्छेद क्या है?",पर + उपकार,परो + उपकार,पर + उपकारः,परा + उपकार,A,"पर + उपकार = परोपकार (अ + उ = ओ, गुण स्वर संधि)।",Rajasthan CET Senior Secondary,2023,Easy
992,English,Grammar,2,05 Feb 2023 - Shift 1,150 PYQ Questions,"Fill in the blank: 'He is afraid _____ dogs.'",of,from,with,by,A,"The adjective 'afraid' is followed by the preposition 'of'.",Rajasthan CET Senior Secondary,2023,Easy
993,Computer,Hardware,2,05 Feb 2023 - Shift 1,150 PYQ Questions,"कंप्यूटर में मदरबोर्ड (Motherboard) क्या है?",मुख्य परिपथ बोर्ड (Main Circuit Board),मेमोरी चिप,ऑपरेटिंग सिस्टम,इनपुट डिवाइस,A,"मदरबोर्ड कंप्यूटर का मुख्य सर्किट बोर्ड होता है जिससे सभी घटक (CPU, RAM, हार्ड डिस्क) जुड़े होते हैं।",Rajasthan CET Senior Secondary,2023,Easy
994,Rajasthan GK,Rajasthan Geography,2,05 Feb 2023 - Shift 1,150 PYQ Questions,"राजस्थान में 'गागरोन का किला' किन दो नदियों के संगम पर स्थित है?",आहू और कालीसिंध नदी,सोम और माही,चम्बल और बामनी,बनास और बेड़च,A,"झालावाड़ स्थित गागरोन दुर्ग आहू और कालीसिंध नदियों के संगम पर बना एक प्रसिद्ध जलदुर्ग (अदुक दुर्ग) है।",Rajasthan CET Senior Secondary,2023,Easy
995,Rajasthan GK,Rajasthan History,2,05 Feb 2023 - Shift 1,150 PYQ Questions,"'मारवाड़ हितकारिणी सभा' की स्थापना 1921 में किसने की थी?",जयनारायण व्यास,चांदमल सुराणा,गोकुलभाई भट्ट,माणिक्यलाल वर्मा,A,"1921 में जोधपुर में मारवाड़ हितकारिणी सभा का पुनर्गठन जयनारायण व्यास एवं चांदमल सुराणा द्वारा किया गया था।",Rajasthan CET Senior Secondary,2023,Medium
996,Science,Biology,2,05 Feb 2023 - Shift 1,150 PYQ Questions,"इंसुलिन की कमी से मानव शरीर में कौन सा रोग हो जाता है?",मधुमेह (Diabetes),एनीमिया,गॉयटर,घेंघा,A,"इंसुलिन की कमी से रक्त में ग्लूकोज का स्तर बढ़ जाता है जिससे मधुमेह (Diabetes Mellitus) रोग होता है।",Rajasthan CET Senior Secondary,2023,Easy
997,Mathematics,Percentage,2,05 Feb 2023 - Shift 1,150 PYQ Questions,"500 का 10% कितना होगा?",50,100,25,500,A,"500 × (10 / 100) = 50।",Rajasthan CET Senior Secondary,2023,Easy
998,Hindi,Vocabulary,2,05 Feb 2023 - Shift 1,150 PYQ Questions,"'चतुर' शब्द का सही पर्यायवाची क्या है?",प्रवीण/चतुर/निपुण,मूर्ख,आलसी,अज्ञानी,A,"प्रवीण, निपुण, कुशल, पटु चतुर के पर्यायवाची शब्द हैं।",Rajasthan CET Senior Secondary,2023,Easy
999,English,Vocabulary,2,05 Feb 2023 - Shift 1,150 PYQ Questions,"Choose the antonym of 'ALWAYS'.",Never,Forever,Constantly,Ever,A,"'Always' means at all times; its antonym is 'Never' (at no time).",Rajasthan CET Senior Secondary,2023,Easy
1000,Computer,Software,2,05 Feb 2023 - Shift 1,150 PYQ Questions,"कंप्यूटर वायरस (Virus) किस प्रकार का सॉफ्टवेयर/प्रोग्राम है?",हानिकारक मालवेयर प्रोग्राम (Malicious Program),एंटीवायरस,हार्डवेयर,सिस्टम यूटिलिटी,A,"कंप्यूटर वायरस एक दुर्भावनापूर्ण कंप्यूटर प्रोग्राम (Malware) है जो फाइलों व सिस्टम को नुकसान पहुंचाता है।",Rajasthan CET Senior Secondary,2023,Easy
